Close,High,Low,Open,Volume
AAPL,AAPL,AAPL,AAPL,AAPL
72.40052795410156,72.46079141879511,71.15668916006118,71.4097927692221,135480400
71.69661712646484,72.4559349891833,71.47243889814949,71.62912236880935,146322800
72.2679443359375,72.30651383633005,70.56851756430221,70.81921563866376,118387200
71.92805480957031,72.53309491165653,71.70869494472285,72.2775784441153,108872000
73.0850830078125,73.3864001786431,71.63152926998076,71.63152926998076,132079200
74.63748931884766,74.83032941641996,73.81067654984861,74.06136720541696,170108400
74.80622100830078,75.37029336253585,74.30483235122053,74.87131024106992,140644800
76.4044189453125,76.4309386915993,75.00389679896787,75.12201817653433,121532000
75.37271118164062,76.5514679630278,75.24977872842311,76.34175230410106,161954400
75.0497055053711,76.0524904138791,74.6182170498927,75.17264532410701,121923600
75.98981475830078,76.1007048279931,75.23049658770428,75.5920773695483,108829200
76.83110046386719,76.83350600016065,75.9319669058597,76.23810266381822,137816400
76.31040954589844,76.90098699093934,76.1730071029982,76.45986173724447,110843200
76.58280944824219,77.13481745633268,76.48879491769239,76.79493065234263,101832400
76.95161437988281,77.03115890447519,76.08863757604202,76.63583446102108,104472000
76.72985076904297,77.93993845348767,76.53941616685312,77.19749582877215,146537600
74.47357177734375,75.15333787807808,73.4924810810553,74.74113795467083,161940000
76.58036804199219,76.75151414831822,75.25457238901554,75.35340531136629,162234000
78.18339538574219,79.0294966511186,77.46987813568431,78.20991513135742,216229200
78.07011413574219,78.12314628033491,76.83591952309017,77.26740800153176,126743200
74.60857391357422,77.78324876217432,74.31448794421121,77.361404556077,199588400
74.40369415283203,75.56798119819389,72.85130652142897,73.35269537300906,173788400
76.86002349853516,77.05045810466474,75.60172207527795,76.00669078804627,136616400
77.48675537109375,78.28464294726993,76.88412080562057,77.98573120045752,118826800
78.3930892944336,78.39550218601465,77.19987762571796,77.75671120906061,105425600
77.32754516601562,78.141823360646,76.83704482888538,77.89294895065062,117684000
77.69482421875,77.69482421875,75.83430875751218,75.91404207954616,109348800
77.22604370117188,78.26262078747321,77.00858188468877,78.19013597325772,94323200
79.05999755859375,79.06482742202022,77.67547849475221,77.67547849475221,113730400
78.49700164794922,78.82319807398167,78.12973294999506,78.33269781258844,94747600
78.51634216308594,78.7652165546687,78.00892627887556,78.4655954129786,80113600
77.07866668701172,77.25988612279623,76.01792538344428,76.19914481922879,152531200
78.19498443603516,78.42453202537972,77.32029972520789,77.32029972520789,93984000
77.39278411865234,78.4438584118609,76.88778679879077,77.9557766771897,100566000
75.64099884033203,77.42903672549149,75.02485563249914,76.98685711850104,129554000
72.04801940917969,73.49777501677713,69.8854717188165,71.82572767869755,222195200
69.60760498046875,73.09910313567873,69.13643877148064,72.71733735421887,230673600
70.71182250976562,71.97552869907848,69.22582460812832,69.23307309062069,198054800
66.08950805664062,69.10500169424336,65.95419815371966,67.92103635676665,320605600
66.05084228515625,67.27105731603613,61.94562123770189,62.160671794936235,426510000
72.20024108886719,72.83571844288954,67.10435128397388,68.20616489725688,341397200
69.90723419189453,73.45430200587779,69.05670597572669,73.37456867253212,319475600
73.14983367919922,73.30930768219956,70.82781196815235,71.62759322830975,219178400
70.77706146240234,72.3790349760971,70.41220399588842,71.40528289969257,187572800
69.83714294433594,70.26965542799252,67.95246362121284,68.13851293457299,226176800
64.31356811523438,67.19374467213605,63.54761077884886,63.72883020122201,286744800
68.94554901123047,69.21133903609883,65.08678222072572,66.96422060751131,285290000
66.551025390625,67.9500415324096,65.68841908631278,67.02461750309321,255598800
59.978797912597656,65.23899494473845,59.92322498627828,61.841735279374994,418474000
67.16476440429688,67.6359379478289,61.119282212065336,64.00430027982446,370732000
58.52421569824219,62.60044010140755,57.99022079286357,58.4613905994218,322423600
61.097537994384766,62.24525757240569,57.60362512771133,59.804837684368415,324056000
59.60186767578125,60.406482464640554,57.29433930824816,57.93465023452481,300233600
59.14519500732422,61.09269941838276,58.62086718026377,59.77583883377371,271857200
55.39031219482422,60.84863936134058,55.090694808051374,59.725076926130875,401693200
54.2136116027832,55.21152792629808,51.37209184292637,55.110045472758834,336752800
59.652618408203125,59.848334846629584,56.612963377579604,57.110712267138126,287531200
59.323997497558594,62.399894457247456,59.029213577289134,60.58770003932158,303602000
62.44580078125,62.503788640032134,59.526959345508246,59.565620375975534,252087200
59.86040496826172,61.82482113234886,59.69368249851185,61.07094946417779,204216800
61.56869888305664,61.74025490515105,60.2615017965214,60.5852833250574,167976400
61.443058013916016,63.42438996368667,60.88973623938196,61.75959108899796,197002000
58.2100944519043,60.09719207609643,57.78000065964953,59.56078230159109,176218400
59.18143844604492,59.234596446659125,57.241182484383906,58.072376290076036,165934000
58.33090591430664,59.36747934105108,57.74133816366961,58.666765747737614,129880000
63.419551849365234,63.57418859482583,60.25666962435699,60.62393834693367,201820400
62.685020446777344,65.64977566750463,62.5811230546705,65.43230640646736,202887200
64.28939819335938,64.60350888065241,63.119929845723,63.48477990198321,168895200
64.7533187866211,65.25590475851683,63.95837493137018,64.92487847473,161834800
66.02427673339844,66.13301133720609,64.23140932290158,64.83064420547504,131022800
69.35871124267578,69.64866527052683,67.1840781553046,67.65525160710325,194994800
68.72564697265625,69.18473466784468,67.80747158227939,68.23514673339383,131154400
69.27173614501953,69.63659364674618,68.22308052874929,69.43845862105105,157125200
68.3318099975586,69.33456350529407,66.89655138464681,68.7884865443206,215250000
66.9134521484375,68.06117506076643,66.8941253228232,67.15991526149827,130015200
64.84514617919922,66.99078550242736,64.13476539316186,66.75640806793423,180991600
66.71292114257812,67.14784486961675,65.77058148476895,66.11126755910753,116862400
66.4543685913086,68.07809487584751,66.41570756383898,66.65733345514633,124814400
68.37287902832031,68.38254612868516,66.93037215656294,66.97870028455014,126161200
68.42120361328125,68.75222988872481,67.64316798553294,68.09016996400102,117087600
67.3121337890625,69.06392140300909,67.22032214952667,68.88270199466979,112004800
69.52304077148438,69.9917957281478,68.5951979613223,68.79816288474782,137280800
70.98970031738281,71.16608991336996,69.67284332982524,70.06185756526263,183064000
69.8468017578125,72.24614521202258,69.06876605288338,69.16541493960355,240616800
70.83505249023438,70.96311392727311,69.1823321546666,69.87096747127923,133568000
71.89820861816406,72.7294023781066,71.14916678667844,71.29414381435919,147751200
72.64000701904297,73.27064717863384,72.21474300795924,72.59892736503848,142333600
73.39142608642578,73.73695662198787,72.96375102865532,73.26578331138913,115215200
75.13829040527344,75.19159229593362,73.72337622769179,74.05045567520663,133838400
76.32062530517578,76.81487118254181,74.43810496971201,74.64646961486733,145946400
75.44839477539062,77.45447232361859,75.32725480896673,77.00382780374734,162301200
74.53742980957031,76.54835795686193,73.46170617265714,75.6276896528906,200622400
74.99534606933594,75.0559160635201,73.05468108965971,73.77667808210235,158929200
74.55198669433594,74.59802049199271,72.73488645146278,72.76880920502032,166348400
76.3084945678711,76.68160777866888,75.18431939181484,75.87481876052446,135178400
75.8675537109375,77.17101374486556,75.83605613168199,76.32545901161194,101729600
77.34303283691406,77.41328870045753,76.68644883413718,76.7252145142633,111504800
76.76641845703125,77.74523171426733,76.52898139842385,77.20494465969075,102688800
77.26067352294922,77.34304783651851,76.40300024409417,76.50475370458611,81803200
76.73733520507812,78.55685269616119,76.68160815192094,78.37756788987811,125522000
77.07169342041016,77.21706291080646,75.85545038481993,76.59440888025136,112945200
77.1056137084961,78.36304756047794,76.47084126097369,76.74703662948228,133560800
77.03047943115234,77.80819591494127,76.67432764803091,77.3478655392773,153532400
77.97782897949219,78.09896899425175,76.85364609349955,76.9844793797038,80791200
78.33881378173828,78.36304326033381,77.27035810172477,77.71130947324757,87642800
78.77008056640625,79.03174713400516,78.08684912120862,78.65863382513984,104491200
78.09168243408203,78.89120338502829,77.71856920653472,78.59320375117642,87560400
80.31580352783203,80.37637351540958,78.31215100053369,78.34122341156335,137250400
80.7906723022461,80.82459504521165,79.30307721267422,80.01295571139336,95654400
83.3418960571289,83.7343884798814,80.43938634656227,80.47088393003234,147712400
85.48609161376953,85.95369033389235,83.85070128279254,84.28922758003938,166651600
81.38185119628906,85.05481691401155,81.28009773597238,84.63082691049463,201662400
82.08446502685547,84.26498513269779,80.97482582626513,83.51876594974783,200146000
83.09961700439453,83.75135081292053,80.5774812512651,80.73981210877636,138808800
85.30195617675781,85.57331604172421,83.51877856978042,85.1517437297766,165428800
85.18323516845703,86.10632149459083,85.062095153019,86.04575148687181,114406400
85.21715545654297,85.63387739334637,84.60903023062069,85.1396240743936,96820400
84.73015594482422,86.38735014117718,83.62293464807695,85.92217671437545,264476000
86.94700622558594,87.08995051171077,85.07660467814306,85.12263846107449,135445200
88.80289459228516,90.22023417459731,87.77077935086206,88.18992644325299,212155600
87.23533630371094,89.3504433677871,86.86222303304002,88.43220009652119,192623200
88.3934097290039,88.43217540547836,86.63203728063971,87.39037465274075,137522400
85.6774673461914,88.50972079929527,85.52967271907464,88.28924513838203,205256800
87.65206146240234,87.74655421504602,85.10812136493809,85.5854132789762,130646000
88.38374328613281,88.66963931267749,87.22080221413067,87.24018136135113,140223200
88.21656036376953,89.00397030229519,88.16810880383152,88.46126551068063,110737200
88.21656036376953,89.75746488824406,88.10269587070599,89.12269252080957,114041600
90.57637786865234,91.04397648582848,89.61210082402599,89.6435984064739,118655600
90.29532623291016,91.73204473813118,90.183879512503,90.95432807349727,112424400
92.3983154296875,92.42981301031341,91.18449035546323,91.27171499364255,117092000
92.79566955566406,93.34321735378231,91.74901813164107,93.28991545550893,125642800
92.95799255371094,93.01614478395153,91.78051525297649,92.39105821700926,90257200
92.52915954589844,96.86839541410872,92.31595195399946,94.26146013937891,191649200
94.06037139892578,94.25176728421596,90.97856936107081,91.91134148904221,170989200
94.70723724365234,96.18272134953932,93.51037361994408,95.93317328027695,153198000
93.54188537597656,94.39713348994569,92.94345347342261,93.58065106367306,110577600
93.35291290283203,94.14759106406643,92.8804639114332,93.99253569772281,92186800
95.3202133178711,95.45831468469305,93.09608481622666,93.44012565034129,90318000
94.00464630126953,96.185166447433,93.75509818029391,96.11006023390243,103433200
94.26873016357422,94.94953641432485,93.6194214977863,93.70663875417605,89001600
89.9779281616211,94.07972590175224,89.16871402354269,94.00219454397538,197004400
89.7550277709961,90.09906855159667,86.39218089831441,88.1777903319354,185438800
91.88227081298828,91.97433840198715,90.59334674840196,90.81624022237884,121214000
90.37285614013672,91.63028980605597,90.3680058085899,91.45342276195278,103625600
92.10517120361328,92.28930638065711,90.81866491806582,90.85500544148256,90329200
93.21965026855469,93.32382888856975,90.87195660039106,91.27898520449537,158130000
102.97869110107422,103.12890351490226,97.7115189842411,99.7079111699714,374336800
105.5735092163086,108.19013023936542,104.56078059833798,104.85878026409463,308151200
106.2785415649414,107.36880152265259,105.04048696818748,105.76248400195036,173071600
106.66378784179688,106.98359926980389,105.53476196568732,105.99994289677025,121776800
110.38518524169922,110.87943850296628,106.40695185464003,106.99569046941184,202428800
107.87549591064453,110.36334336865978,107.07938502036484,109.90703455219526,198045600
109.44342041015625,110.46040427609424,106.79537954219775,109.319632486315,212403600
106.18862915039062,109.20559802488344,105.92892032538568,108.70803141114541,187902400
109.71770477294922,109.97498398938008,107.08422600127558,107.2783964791796,165598000
111.65945434570312,112.66187605488997,110.60848630688241,111.096349513322,210082000
111.55994415283203,111.64974819993897,109.75170070282874,111.48470252378944,165565200
111.26866912841797,112.70555595050736,110.64246299694389,112.68128278727484,119561600
112.19585418701172,112.62060863769267,110.68615521459195,111.02110562369826,105633600
112.33662414550781,113.74923783578949,112.24196843606359,112.60361413274605,145538000
114.8293228149414,114.94340001045877,112.36088962986535,112.37788158405773,126907200
120.74676513671875,121.22976923366335,115.77592204362502,115.78805492165831,338054800
122.19093322753906,125.03315266970756,120.32686973134855,124.94819288976294,345937600
121.18851470947266,121.53317587987507,119.46765321039159,121.06473415847236,211495600
122.83656311035156,123.29287194891076,121.43851175938384,122.50404222890556,163022400
121.36811828613281,123.77101327398971,120.22491675397727,123.43849242247208,155552400
121.17154693603516,122.7589099491987,120.94824415417666,122.34143663217455,187630000
125.28070068359375,127.18360697027765,122.32927082637391,123.86324282555849,225702700
130.27096557617188,130.87291336835037,126.72730590113318,128.89233580510103,151948100
127.57195281982422,133.96026120747115,123.30014277535787,133.5816235663219,200119000
117.35842895507812,125.08653127360425,116.9895020715435,123.21276461682936,257599600
117.43611145019531,120.09628586271513,107.65947772486805,116.57204011831335,332607200
109.53325653076172,115.52350643380636,109.39733569135389,110.63033399373361,231366600
113.90215301513672,115.66913123084257,111.90216871799983,113.8439033465614,176940500
110.18374633789062,116.98952932974198,109.22258962320309,116.85360847744802,182274400
108.73713684082031,111.87304145706314,106.7954022543771,111.23226548811466,180860300
111.99925994873047,112.55265405113641,109.51384186173257,111.377905426981,140150100
112.17399597167969,115.36814991421778,110.300221999526,114.88271631943319,184642000
108.86335754394531,112.62061700186764,108.77598303445264,111.8730523722857,154679000
107.12549591064453,108.9313097079175,105.54298485481058,106.52356291630672,178011000
103.72746276855469,107.64976770036112,102.99931226553164,107.18375552641913,287104900
106.87307739257812,106.97987339137704,100.09642017457678,101.49447149912258,195713800
108.55268096923828,109.57209469594426,105.97988830045438,109.39733826871267,183055400
103.99931335449219,108.84393936425928,103.65950385577868,108.36821643604246,150718700
105.06725311279297,107.03811241012444,101.94105943821374,102.10610509006938,167743300
109.00897216796875,109.16431448128618,104.53327361353669,105.2711347875361,149981400
111.61090850830078,111.96042134324223,109.49441741099088,111.65945483814875,137672400
110.76625061035156,111.9507099432901,110.26140285567331,111.21285610238571,99382200
112.4361572265625,113.84391947599966,110.30996254389598,110.47500823299629,142675200
113.38760375976562,114.2905107318788,112.45557195099242,114.21283956269843,116120400
109.72742462158203,112.00896881944756,108.9507351859753,109.60121453266758,144712000
113.10604095458984,113.25167253166546,110.24198536966455,110.59149819179417,106243800
109.86336517333984,112.73713196201183,108.97987223056897,112.32936199997019,161498200
111.72742462158203,112.18373349473666,110.80509612706318,111.28082649663705,96849000
111.62060546875,113.00894588963777,111.25167118458671,112.86331432521168,83477200
113.56234741210938,113.59147224549314,111.57206651675105,111.92157933161523,100506900
120.77590942382812,121.5331848318952,115.80506553004969,116.56234093811678,240226800
117.572021484375,121.73704283997935,116.16426694681041,121.62053610441286,262330500
117.6594009399414,119.44579307201987,116.13513969852242,117.47493379758126,150712000
117.19340515136719,117.6691281122452,114.70798693128388,115.26138106332213,112559200
115.55261993408203,118.00892036442943,115.34873869497103,117.74678205190853,115393800
112.6011962890625,116.9118422011094,112.29051903948137,116.46524411778215,120639300
114.08661651611328,115.513792607474,112.2613812832418,112.81477533834804,124423700
113.46527862548828,115.25167113205254,113.05750867757199,113.27110069621133,89946000
112.3779067993164,114.60119413802467,111.25169700728709,114.0283784935599,101988000
111.68856811523438,113.15457972080071,110.95070693925585,112.99923740706663,82572600
111.69830322265625,113.15460439944638,109.59151522414707,110.68860018455938,111850700
113.20314025878906,113.86333040398806,111.20315573383206,112.12547682460935,92276800
107.96043395996094,112.06720563801413,107.86334871753533,111.69827875394513,143937800
111.96040344238281,113.52350020230705,108.93129515957777,109.09634821039327,146129200
105.6885986328125,108.72741014836967,104.58181067342728,107.82450340180505,190272600
105.60124206542969,107.45560232371076,104.19348732192323,105.93134082759394,122866900
107.22258758544922,108.24199381190596,105.56240538196562,106.46531227233,107624400
111.60118865966797,112.22254311397377,109.07693526315951,110.81478854874675,138235500
115.56233215332031,116.13514770518474,113.46526266207991,114.51379370413532,126387100
115.43103790283203,115.92702909027747,112.94132478624495,115.07119461202119,114457900
113.12613677978516,118.64045065602376,112.86355358468761,117.19136449216022,154515300
112.78572082519531,114.36123445028848,110.99623930767311,112.37725487942362,138023400
116.20907592773438,116.34523125447596,113.24282640096855,113.97223311704505,112295000
115.9367446899414,117.22049998551182,115.31431832965924,116.33549051882304,103162300
115.98539733886719,116.38413582545107,114.63356412889462,116.16045525051373,81581900
116.99683380126953,117.66788289766848,114.90586651270257,115.65472076865481,91183000
116.11182403564453,117.35667698637204,115.69363055189307,116.26743436443991,74271000
114.78917694091797,116.53002870692607,114.76000185644509,115.35325330709236,76322100
115.3824234008789,115.7908894056509,113.60266912591757,114.36125096903965,74113000
114.11810302734375,115.50883872913519,114.06948036722605,115.38241090893905,73604300
110.72394561767578,114.39043445067523,110.6266928661709,113.96251344016258,127959300
112.00769805908203,112.66902713847026,109.49853707376413,110.78230006896696,113874200
112.84407806396484,113.54430968345936,112.00769112066959,112.37726193090761,76499200
113.38871765136719,114.26400731693963,113.02888170323342,113.36927006764773,46691300
115.78117370605469,117.6484533013128,113.60267342501068,113.75828376790362,169410200
119.35038757324219,120.07979426970195,116.7147989337566,117.68734119570294,127728200
119.70049285888672,119.98253098044769,117.57062311807923,118.66959310630676,89004200
119.56436157226562,120.38129360308123,118.85440237603919,120.12843050881996,78967600
118.8932876586914,119.4865390127896,118.18332856578574,119.23367595532766,78260400
120.35210418701172,121.14958854018184,118.89329080292673,118.95164096391939,86712000
120.96479797363281,121.54832923828494,119.71021762648395,120.95507789382133,82225500
118.4361801147461,122.49167904039832,117.67759843598037,121.1106709882911,115089200
119.85611724853516,120.4688236783502,116.85096494578069,117.19135328461722,81312200
119.04891204833984,119.38930038520903,117.23998269251022,119.06835963048555,86939800
118.4361801147461,119.96307097121003,118.20277207971995,119.23366436933412,79184500
124.36871337890625,124.38816838110739,120.7216795566684,120.9259125603246,157243700
124.30062103271484,124.84524231148528,123.08494323552482,123.91161007354079,98208600
125.16619110107422,126.02203307421959,124.52430962121518,125.3606965932024,94359800
123.18220520019531,125.5552106694522,122.65703149372492,125.41905534776451,192541500
124.7091064453125,124.78691161724761,120.06035501087901,121.5872462655349,121251600
128.2588653564453,130.71939584455194,126.09008564573021,127.99627481697722,168904800
127.36415100097656,128.79377458393498,127.18908566358635,128.53119883757725,88223700
128.3463897705078,129.79548292817182,127.50028284184114,127.71424330377316,54930100
132.936767578125,133.56891393850847,129.84407631948096,130.31090716142057,124486200
131.1667938232422,134.97915839822994,130.6513475184492,134.25948649182007,121047300
130.04837036132812,132.25604575507535,129.7371496715403,131.85729981121693,96452100
129.046630859375,131.04034539862676,128.10326370918978,130.39846396533886,99116600
125.85669708251953,129.94137159533847,123.27945861661561,129.85384635373498,143301900
127.41278839111328,128.12275510528912,124.90362694441386,125.35100302677368,97664900
123.12384796142578,127.45166544679954,122.90988747820573,124.21309795786028,155088000
127.32524108886719,128.0157526782517,124.34926390945633,124.83553507837492,109578200
128.42417907714844,128.9882552399278,126.65414544499792,128.79373496048996,105158200
125.4384994506836,126.59582714131227,124.97168331019907,125.64273985954293,100384500
125.26346588134766,126.12902803614703,123.37673122396438,124.9717001892066,91951100
127.29605102539062,127.84067229611607,124.96195562519107,125.22453134083729,88636800
125.37045288085938,127.40306307368417,125.22456260703547,127.20855754840598,90221800
123.6490478515625,126.64448041109725,123.51289250066638,125.24401689341136,111598500
124.32008361816406,125.1759255883475,123.45452156734409,124.27145353534586,90757300
128.40472412109375,128.8520999882003,125.02028198318088,125.12726220097937,104319500
133.11183166503906,135.83495249636564,129.92189478371253,130.12613515298327,120150900
135.25146484375,136.01004665089906,131.31266555904966,132.53806351525557,114459400
138.9957275390625,141.1061423033731,132.79090363932372,139.14161777095364,157611700
139.22915649414062,140.3378541007655,137.48829750104505,139.65707747210416,98390600
138.15933227539062,140.3378319835939,136.55464370074296,139.49171024148978,140843800
133.32583618164062,138.09130292156465,132.94654523318187,135.6891219680526,142621100
128.33668518066406,132.98543606950525,126.63473619885515,132.10041903740844,177523800
130.4568328857422,131.66279076657688,127.33496534929878,130.07754195512933,106239800
131.28347778320312,132.56722577893618,130.9139069960329,132.00314951845078,83305400
130.2623291015625,132.04208344252265,129.94138833452192,132.03234852121233,89880900
133.6175994873047,133.62731956895118,130.8944778045398,132.55753183488522,84183100
133.20362854003906,133.8464691818489,132.32703847356598,133.77829722031976,75693800
133.34971618652344,133.39841892980013,131.41145995524053,132.49259546322395,71297200
132.47314453125,134.2945265238743,132.31731652057164,133.06728247906966,76774200
131.86927795410156,133.4276770274743,130.90501685547775,132.9309297060643,73046600
131.61602783203125,132.84325691578465,130.291393245221,132.3659937299951,64280000
131.84974670410156,132.00558952807881,130.2134416383095,130.85628214072338,60145100
129.7264404296875,132.47309953309198,129.33683338034655,131.96663266193272,80576300
127.43757629394531,128.78169493091983,126.10320712430666,127.83691804290048,97918500
126.33695983886719,126.61941198787154,124.09676726976038,125.84021263400942,96856700
126.4927749633789,127.31094237587132,125.45060763733204,126.85316335933045,87668800
122.72342681884766,126.34669108531578,122.33382715227125,124.68115232492676,103916400
122.58708953857422,123.41498433079913,115.31134105569778,120.54170021925478,158273000
122.09033966064453,122.29487783267318,119.05147832650884,121.69100535268275,111039900
117.84369659423828,123.17145240549513,117.4054016543814,121.4377418526463,148199500
118.106689453125,121.60332952526318,118.04824467349069,119.4020977442568,164560400
124.4668960571289,124.60325484384613,119.5969181572381,120.53195302229754,116307900
121.8663330078125,125.3727157063762,121.75919289657611,125.07077944616279,102260900
118.8858871459961,122.4409721711293,118.6716069492106,121.56437474382311,112966300
117.00609588623047,120.38586201324064,115.53536779088374,118.583971529586,178155000
118.26252746582031,118.76900926850234,114.51264641529035,117.83397451469976,153766600
113.3341064453125,117.85344455096923,113.18800564768664,117.78526516954318,154376600
117.94110870361328,118.88588550494669,115.70092356585985,115.93468039958287,129525800
116.8600082397461,118.99305378580543,116.34378427280272,118.52554000762703,111943300
118.78849029541016,120.00598467048323,118.10669641776761,119.35340946888309,103026500
117.8826904296875,118.01904922400895,116.0613233493951,117.26907585524096,88105100
120.76570129394531,120.77544332973144,117.28853761790177,118.25279852383531,92403800
122.30463409423828,123.9117284110974,121.47673927373422,122.4312508542222,115227900
121.51569366455078,122.58708734300565,119.15861865475401,120.82415767726631,111932600
117.39567565917969,119.97676520351848,117.1911374972353,119.68456358302885,121229700
116.86973571777344,118.27229182875169,116.5677994448256,116.78207967633583,185549500
120.18131256103516,120.64883370339138,117.13270910784668,117.20088850037816,111912300
119.35343170166016,121.00922138779639,118.96383194286418,120.12288918175794,95467100
116.9671401977539,119.70407317138026,116.94766355336753,119.62615173183985,88530500
117.4541244506836,118.49630686413842,115.9054750318424,116.43143354135354,98844700
118.05799865722656,118.32098161470867,115.82754797615723,117.22036189731419,94071200
118.23332214355469,119.39237925463331,117.59048892877756,118.4865630734955,80819200
116.78206634521484,117.26906411360106,115.76911009525196,116.98660451621751,85671900
118.97354888916016,120.30791793555011,117.99955341308188,118.48655115112102,118323800
119.80144500732422,120.95075998024407,119.30470522783453,120.44428559619276,75089100
122.62602996826172,122.87927086868106,119.86962103149284,120.64882037232358,88651200
122.92798614501953,123.82406033078875,122.3825509764638,123.21044576616356,80171300
124.57403564453125,124.59351228641088,121.88580577435263,122.55786509964642,83466700
126.9700698852539,126.99928856495599,125.17792150755567,125.59673249128127,88844600
129.54141235351562,129.58036563750287,126.1032091394081,126.42462946477704,106686700
127.82720184326172,129.3953355248616,127.2330638679476,129.0739151583479,91420000
130.93418884277344,131.15821847574705,128.4992004477625,128.99594759201815,91266500
128.5966033935547,131.48937073876672,128.2362298740332,131.43093339635666,87222800
131.00244140625,131.4894393296933,130.16480438344763,130.34013136412574,89347100
130.67120361328125,131.16793583022613,129.81408305511337,130.8075623509909,84922400
131.3335418701172,131.94716375459052,129.87254870669761,130.03812614844625,94264200
129.64852905273438,132.00559615119002,128.3823320528723,131.5088638445784,94812300
130.02838134765625,130.27188018913125,127.8855945150741,128.91802722500978,68847100
128.5089569091797,130.66147844484067,127.99274053029319,129.58034294411806,84566500
130.8271026611328,131.60628729046172,128.72326849315886,128.72326849315886,78657500
131.21669006347656,131.5478450047434,130.08685158645528,131.32383017529745,66905100
130.89527893066406,131.88875868630524,130.62256132903624,131.49915149684074,66015800
130.1063232421875,131.5088791677975,129.61932548257246,130.81733580986761,107760100
130.00892639160156,133.50558183329358,129.00571212903608,132.92117853809344,151101000
128.04150390625,130.08688632079222,127.66164611054948,128.35317485713367,109839500
129.09335327148438,130.58358001612103,128.40182480933737,128.6063555356659,75135100
124.52532958984375,128.07068022860358,123.40523322106765,127.77847859118502,137564700
124.76883697509766,127.05771762012843,124.64221279666873,125.84022317213565,84000900
126.36617279052734,126.37590739453778,123.82403668567083,124.56427529521159,78128300
127.03939819335938,128.06381882504127,126.3271629457147,127.66381362314827,78973300
123.7612075805664,126.38570115821472,123.7221806852606,126.25887677480436,88071200
122.84408569335938,123.19531281841267,119.78053807914273,120.4927657999539,126142800
119.78055572509766,121.60502403427476,119.27322096428664,120.39522003263365,112172300
121.9269790649414,123.0782463378904,121.23426847309511,121.5464761686261,105861300
124.3465805053711,124.7758688561986,122.78554210729591,123.17580356771927,81918000
123.19530487060547,123.83923735283338,122.12209151050999,123.73191527246206,74244600
121.80989837646484,123.8977887358132,121.74160317568686,123.47825894714309,63342900
121.65379333496094,121.87818865261369,119.86835215925528,120.16105011854478,92612000
124.20999145507812,124.61001150333645,122.05380598133526,122.1806452374261,76857100
122.37577056884766,124.88319058200729,122.16112639405591,124.70757329750661,79295400
124.00511169433594,124.82466155300955,122.87336158160026,122.94165678285485,63092900
123.80998229980469,125.19541091008112,123.24410353248182,124.7075784829674,72009500
123.7612075805664,124.28805950176616,123.34167776055286,123.8685296817526,56575900
122.22941589355469,124.53195020806949,122.03428889481324,123.36117332838509,94625600
121.57573699951172,122.736762785055,121.51720038633076,122.51236002849775,71311100
121.25376892089844,122.29771402080185,120.92205152635813,122.03429182182089,67637100
122.01477813720703,122.19039542274523,121.02937706510446,121.25377238108098,59278900
120.53180694580078,121.80990611741935,120.13178685609535,121.64404739693522,76229200
122.82457733154297,123.08800699874061,120.83425044759345,121.04889463757115,75169300
122.83432006835938,123.24409122711307,121.79037500565761,123.0977422579531,71057600
123.65387725830078,125.33200387040455,123.13678395621102,123.51728685562117,74403800
124.03437805175781,124.63928371308171,123.43923097435068,124.1124318358548,56877900
123.03921508789062,125.06856875877892,122.87335638380547,123.92705266664278,71186400
124.24900817871094,124.33682053678962,123.02944585374593,123.4489755912786,53522400
127.30282592773438,127.36136255409737,123.97586282548664,124.70760042950351,96906500
126.48324584960938,127.41987625518645,126.23933338731938,126.77594378180441,62746300
126.9808349609375,127.70282128290683,125.33199905171192,127.19547914078684,91815000
128.5809326171875,129.3224362930399,126.49304179588825,126.63939825744673,96721700
127.28331756591797,128.30773825283313,127.06867335467656,127.52723008894328,108953300
129.0784912109375,129.18581330080102,126.063736441913,127.1271913132279,79663300
130.71759033203125,130.8151612925248,128.41505560442437,128.91264666080772,74783600
130.44436645507812,131.0492794134617,129.98580988913096,130.5126690823285,60214200
130.1614532470703,131.36149842351492,129.69313058879897,131.1761225655203,68711000
129.86874389648438,130.62974954026467,129.57604598259172,130.21022727723152,70783700
131.4981231689453,131.95667992046137,130.10295063063353,130.16148725640332,62111300
133.01036071777344,133.16646828417475,131.07857796707717,131.51761747124857,64556100
133.62503051757812,134.0640700400228,132.56156070353867,132.8542586809143,63261400
133.92752075195312,133.98605738795177,132.4542792721904,133.27383683789793,52485800
136.55197143554688,136.5909908825578,134.39577852908815,134.54212006442484,78852600
138.5618133544922,139.66428770082487,136.65929888430668,136.65929888430668,108181800
141.0497283935547,141.3619286538461,139.1862333107396,140.04479519196917,104911600
139.7520751953125,140.55210024692394,137.24464819829342,138.13249304147996,105575500
141.57656860351562,142.10341304013653,139.17646311232951,139.27403406481795,99890800
140.98143005371094,142.75712026323748,140.49360503622404,142.64979816390084,76299700
142.09368896484375,143.86937940514224,140.13263749909038,140.5228916089028,100827100
145.51817321777344,145.92795926693185,144.08396670742601,144.49375275658443,127050800
144.86451721191406,146.34750947636803,143.50836421958925,145.60602078776031,106820300
142.82540893554688,146.11334481046933,142.32783277394142,144.84501166670194,93251400
138.98133850097656,140.56190161268026,138.2203326975493,140.24968646910114,121434600
142.59121704101562,143.51809629152285,139.4789065811411,139.96673149730913,96350000
141.85948181152344,142.57171691870616,141.108242148076,141.98632105555998,74993500
143.2254180908203,144.59132208932277,142.25951926436974,142.38635852395822,77338200
144.94256591796875,145.0986734955369,143.34250046599004,143.95716474814094,71447400
145.36207580566406,146.1816181027515,144.10347916841854,144.65960672609336,72434100
143.19613647460938,145.57672455410125,142.00584243486344,145.48890475095865,104818600
141.44973754882812,143.391286472983,139.06914908747908,141.28387882976534,118931200
142.09368896484375,142.981534184993,141.05950217532487,141.16682428860926,56699500
142.30828857421875,142.7668451974614,140.60090132642787,140.8643309559415,70440600
141.9766082763672,143.3717807887823,141.7131785780533,142.7961507964113,62880000
143.7717742919922,144.43520909857267,141.64484970305608,142.2595139229218,64786600
143.37176513671875,144.19130756729243,142.71808142038705,143.68398028393023,56368300
143.4790802001953,144.24008597517638,142.61075233452527,143.40102641721816,46397700
142.7951202392578,143.74291989384258,142.29679858037488,143.000320280882,54126800
142.74624633789062,143.34228507821692,142.18930041536296,142.8537292225246,48908700
142.26751708984375,144.32922406312062,141.97438049984515,143.08828761420278,69023100
142.52151489257812,143.36183156118472,142.19906623850963,142.70716850336376,48493500
145.482177734375,145.63851920327534,142.5019837127135,142.84397881224007,72282600
145.6873321533203,146.0195464885417,144.8763278106057,145.56030288592572,59375000
147.6611328125,147.72953779617734,143.117568833467,145.1401825389347,103296000
146.75242614746094,148.20831321235303,145.67759718518755,146.7915040599331,92229700
143.0100555419922,147.27026274921596,142.80485554411644,146.37132185900873,86326000
143.34230041503906,144.61254875765684,141.19265740190144,141.71052547158095,86960300
144.79818725585938,145.10108950161558,143.42045616108942,144.06535347049768,60549600
146.28338623046875,146.75239563031982,144.50503593715925,144.91542102572143,60131800
146.19546508789062,147.40708910674365,145.7362213417673,146.02935786837372,48606400
144.96429443359375,146.87943995254733,144.41711425947602,146.3811034364789,58991300
144.16307067871094,145.70690913613237,144.13375851701343,144.95454377317253,48597200
145.19882202148438,145.34538283026907,143.46932993010927,144.10444664756716,55802400
149.61532592773438,149.976867364279,145.2085579053338,145.58963083933705,90956700
148.3549041748047,149.30270392723426,147.8272553901817,149.16590885521063,86453100
149.01930236816406,151.43276949828842,148.8531951656688,149.33198527371385,80313700
150.13320922851562,151.17872592141705,148.91181958328025,150.34817499884036,71115500
150.76834106445312,151.09078972052774,149.5860293255129,150.24069238740682,57808700
153.10365295410156,153.660598936694,150.85629279363835,151.42301943650597,82278300
151.5597686767578,153.4455867564318,150.45562788655243,153.3869624506755,74420200
150.54359436035156,152.5368955037672,150.42633082753412,151.9310910707807,57305700
145.56039428710938,151.92138884612842,145.2965698389885,151.4523792013396,140893200
146.12705993652344,147.95425407222461,145.34536758274155,147.18234237769772,102404300
144.7297821044922,147.61227358439965,143.5474852815467,146.9087519585389,109296300
145.61895751953125,146.0195769004921,143.01983678244974,145.15971382126716,83281300
145.3844757080078,145.5603636061977,143.85041774982722,145.0424954824605,68034100
142.71694946289062,145.41378761722353,142.4238129361749,145.41378761722353,129868800
139.6683807373047,141.5248874282257,138.03660561412693,140.50869758793672,123478900
140.1471405029297,141.29037444715544,139.51202378684255,140.6356964105484,75834000
142.5117645263672,143.07847626004042,140.41096517330857,141.14379903633161,76404300
143.46926879882812,143.71354664907957,142.30650384610533,143.29338099368798,64838200
143.55726623535156,144.09468071612673,142.22839356904527,142.32611071447462,53477900
142.042724609375,142.61923184992318,140.52821338546616,142.14044174425882,74150700
138.6619110107422,141.4369043819852,138.44694526555043,139.97123697906306,108972300
139.5609130859375,141.14382980407123,138.77922047973757,139.20915215862485,74602000
138.2613067626953,141.075393254431,138.04634099404652,140.37187163149707,89056700
139.38499450683594,139.64881887167329,135.9260252404235,138.65216064526572,94639600
135.95535278320312,138.95509355251514,135.1052701786628,138.51538125819243,98322000
137.88023376464844,138.9843747661612,136.17028827499877,136.29731756814027,80861100
138.74989318847656,138.89645401323804,135.20297213380132,136.27780121386797,83221100
140.0103302001953,140.9190518423827,139.45338427911526,139.7855986818326,61732700
139.62925720214844,140.87995899645605,139.2970427994977,140.73339820397527,58773200
139.5413360595703,141.49555969160025,138.56422424355534,139.0137022391212,64452200
138.27108764648438,139.97126757292082,137.8118439004276,139.9517211619384,73035900
137.684814453125,138.16358964828814,136.0139468710265,138.00726310614547,78762700
140.46958923339844,140.58685278975153,138.27108764845218,138.85736070158842,69907100
141.5248565673828,141.58348088448486,140.22529620330172,140.47935479013262,67940300
143.1957244873047,143.47908032380766,139.88331637742027,140.16667221392322,85589200
145.35516357421875,145.75578303894451,143.195754584487,143.64521771748375,76378900
145.8436737060547,146.3224637629304,144.7297670657769,145.29649358936246,58418800
146.05862426757812,146.21496568738968,144.485474140878,145.40396134534794,61421000
145.28675842285156,146.74264548774926,145.23789985010384,146.26387023963363,58883400
145.23789978027344,145.95118723150932,144.24124155296286,145.27697769272697,50720600
145.90231323242188,147.387512149544,145.5993961083312,145.912078981119,60893400
145.44309997558594,146.30294823636,145.0913391249601,145.94142163499626,56094900
149.07794189453125,149.66419997930225,146.29316753585874,146.3908846714247,100077900
146.37135314941406,146.5081482073945,143.0589446865979,143.85040287273776,124953200
145.5505828857422,146.2736360885386,144.41712959922393,145.57989504750188,74588300
146.5863494873047,148.10087610096022,145.24769588075364,145.25747654306804,69122000
148.022705078125,148.49171467242118,146.3909297960655,146.94787589375233,54511500
147.50477600097656,148.94111635864294,147.19209312751175,148.1105804313896,60394600
148.03321838378906,148.93347149692437,146.83940090236302,148.63012712450208,65463900
147.21124267578125,148.3169952703634,146.93725326087116,148.16042562432813,55020900
147.57325744628906,148.17994599827716,146.83935422451017,146.9763488953236,56787900
144.74533081054688,146.90790623545243,144.67684091878007,146.80026646441542,65187100
144.69638061523438,146.22289720379737,144.51045604306032,145.76299817171153,41000000
146.7708740234375,147.1720631299846,144.3147348567186,145.2443426792842,63804000
146.78067016601562,148.62032601011296,146.22289645235986,147.14272437440852,59222800
147.75921630859375,148.23870523347338,146.1348398835429,146.72196856987298,59256200
150.19580078125,151.67338776419928,147.74945581731131,147.75923582189736,88807000
154.48175048828125,155.26458367795593,149.76520627698585,150.41104477831504,137827700
157.104248046875,157.5641620110988,153.1705218782956,154.2664794451428,117305600
157.56419372558594,162.14374442137012,157.54461878472307,158.210017461011,117467900
157.94578552246094,158.3274146566765,155.64621578340464,157.66200120676388,96041900
158.46441650390625,158.66012108108276,156.2137765381209,157.29995411244806,69463600
153.44447326660156,157.00634940799142,153.0041343483588,156.14524650358064,76959800
156.80093383789062,157.7305419477323,155.38204179879529,155.94959562817246,88748200
161.75228881835938,161.96756831221649,156.48775108343634,156.55625589116394,174048100
161.23367309570312,166.6449857878265,160.99881865483053,163.88550209995378,152052500
160.24534606933594,160.6759050938818,154.4132690949476,155.33309702351337,136739200
158.3665771484375,161.41962568459428,156.29208148681235,160.4997976289517,118023100
161.77186584472656,164.27692006238982,160.75417823673777,160.76395823883925,107497000
167.50611877441406,167.89754291240308,164.7270745855606,165.4511980423622,120405400
171.32237243652344,172.18349034092375,167.03637277945757,168.43568937410808,116998900
170.81356811523438,172.95656843850207,170.18730447599066,171.15606234208923,108923700
175.59860229492188,175.77474686026093,170.9407678198788,171.4496116481563,115402700
171.96824645996094,178.22110269969062,171.76274694249355,177.2327699190323,153237000
170.5885009765625,173.92531854630914,168.51400556372403,171.48875398461132,139380400
175.45184326171875,175.6475478496639,168.6118581679586,171.35176719309973,131063300
168.56289672851562,177.25231617436867,167.08531019517628,175.43223547777242,150185800
167.46694946289062,169.74694420568176,166.0480727156741,166.2829122189755,195432700
166.1068115234375,166.91899978685493,163.86596626176092,164.66835958996737,107499100
169.2772674560547,169.48275204230814,165.49031583648394,167.8779505711604,91185900
171.870361328125,172.08564081700152,168.4552593739479,169.32615733120278,92135300
172.49667358398438,173.05444739852442,171.50835560137864,172.07590942042998,68356600
176.45974731445312,176.54781214494253,173.26971902697096,173.28927903509933,74919600
175.44203186035156,177.43825729141835,174.69834852343934,176.29336988152778,79144300
175.53013610839844,176.75330850310786,174.31674371757737,175.48120622634931,62348900
174.37542724609375,176.69457190920295,174.26778749437727,175.6181743920382,59773000
173.75897216796875,175.38333364161016,173.45561289396153,174.26780109643352,64062300
178.10365295410156,178.95499096160628,173.895952516217,174.01337226981713,104487900
175.84324645996094,179.01371442958575,175.27569272230144,178.71037008888723,99310400
171.16583251953125,176.3031560396219,170.89184312629723,175.7551772531539,94537600
168.30850219726562,171.53767993498516,167.95622799076347,168.99347567343597,96904000
168.474853515625,170.40257420223315,167.35932100577125,169.17940193566972,86709100
168.49441528320312,168.79775959259328,164.5606894006289,165.45116232460057,106765600
171.32237243652344,171.42021724210562,167.15380744997546,168.62161391540354,76138300
171.76271057128906,173.37729170304524,171.0679572091586,172.34004419476074,74805200
168.49441528320312,172.82933029006384,168.10299122971512,172.0073621746904,84505800
169.35552978515625,170.0502832024392,167.4180143556812,167.66264878484014,80440800
166.15570068359375,168.836884364845,165.7740715864879,167.82899175117316,90956700
162.6623077392578,167.40822126644343,162.37853839338976,166.35139882333922,94815000
160.97923278808594,166.0382709410417,160.6563135530504,163.3962221186515,91420500
158.92434692382812,162.76021377251277,158.81670715554318,160.89120276470334,122848900
158.15130615234375,158.81671975397313,151.37982501105924,156.58565431735994,162294600
156.35076904296875,159.26680751652682,153.65001008067688,155.56793581393717,115798400
156.26271057128906,160.8618354481178,154.43284958250229,159.99093736491258,108275300
155.8028106689453,160.32365113506773,154.88298262420264,158.96348400735147,121954600
166.6743621826172,166.6939371213685,159.3059729952558,162.15352186578443,179935700
171.0288543701172,171.24413390438698,165.8719554140601,166.5080140130585,115541600
170.86248779296875,171.08754730875657,168.61184784118433,170.2753591337895,86213900
172.06607055664062,172.10522042730014,169.60994623393472,170.99946801633135,84914300
169.18917846679688,172.45750604377838,168.4259201826274,170.73526997176376,89418100
168.90505981445312,170.580497991328,167.22962163757825,168.20940619823992,82465400
168.18980407714844,170.4335039135459,167.4941505320522,169.36554243968104,77251200
171.29571533203125,171.80520742660315,167.96443926792173,168.25837758980256,74829200
172.71644592285156,173.0789614781724,171.36433825115836,172.49109962767872,71285000
168.6405029296875,171.93257943938036,168.08203354026793,170.6196718007765,90865900
165.23086547851562,169.58111126110254,164.64298876993468,168.8462728505392,98670700
165.46603393554688,166.15188018995096,163.19292640629095,163.98654956855333,86185500
169.2969512939453,169.45372039657573,166.80830532856646,167.51375134007887,62527400
169.06182861328125,169.83585183660028,166.6123672162483,168.3759824121772,61177400
165.46603393554688,168.4347801834387,165.06431864713625,167.57256492057238,69589300
163.9179229736328,167.09241466512012,162.83036175887298,166.38698369504047,82772700
160.99818420410156,163.32026851174712,158.872038841447,161.64483056360834,91162800
156.83409118652344,162.79116699621056,156.52055301215938,162.1934979328617,90009200
159.45013427734375,159.55791116992768,148.9272434071185,149.49552020889521,141147500
161.51747131347656,161.78200234869726,157.61791846840168,160.5278794584224,91974200
161.7820281982422,162.07596656799925,159.1464052349538,159.76367431641097,95056600
159.90081787109375,163.23209394256236,158.69568719407653,161.37049453342058,83474400
163.19290161132812,163.97673219026618,159.65587901852524,161.0667710705488,79724800
162.86956787109375,165.49539801856008,162.20332160924863,165.06429046074288,76678400
159.8714141845703,162.20330577402447,158.82305268070243,161.16473673176029,83737200
156.07968139648438,161.6840502038395,155.82492784594277,160.05760426701897,96418800
154.2572784423828,159.58730866544224,152.65043241487155,155.60938587479396,131148300
159.65589904785156,160.10660654613918,156.1874681101056,158.2156144765831,91454900
155.31546020507812,157.1476526374479,152.82679892923494,156.96149116992498,105342000
151.60206604003906,156.06008893270172,151.37671976951566,155.71715834467904,96970100
147.57510375976562,151.0043487465107,147.06562669739512,148.38832650780375,108732100
151.95477294921875,152.42508026860065,147.33999637401098,147.84947354452075,92964300
156.36380004882812,156.76551526978483,151.33751588171134,153.87515407206308,102300200
157.3729705810547,157.74529344907543,154.44342469949348,155.40360925613626,75615400
160.66505432128906,161.1549465596943,156.53036263312293,157.2652009907308,123511700
162.0367889404297,162.98718123956166,159.71468917177347,160.20458149296203,95811400
165.4072265625,165.9950882926474,161.5762655771906,162.164127307338,81532000
166.76910400390625,169.14997284411103,164.26084346132168,164.59398150898377,98062700
170.55111694335938,170.61969409297694,166.769147690774,167.60195565228418,90131400
171.1879425048828,171.73661941189775,169.2577659174967,170.3649271443604,80546200
172.0501708984375,172.1775327221898,168.52294058057433,168.6895021580393,90371900
175.3422393798828,175.39121664425457,172.7751938429614,173.11812439551318,100589400
174.1763153076172,175.97911541230812,173.12793859273035,174.94054611178674,92633200
171.0802001953125,174.43106194071976,170.87443883843048,174.24490046314256,103049300
170.7862548828125,171.3447392929013,168.46417011530542,170.51191638497735,78751300
174.83273315429688,174.88172536504146,170.91359549990895,171.04097225778014,76468400
171.52110290527344,174.69561063609092,170.89404131095085,173.91177990560575,73401800
168.3563690185547,170.1199840728932,166.69073839236125,168.87565359700926,89058800
168.66009521484375,169.85543344405016,166.41639539463952,167.69991063657648,77594700
166.65155029296875,168.30738857225097,165.77954264267717,168.30738857225097,76575500
162.39927673339844,165.61296861541499,162.1543306146452,165.29944535757966,72246700
164.2706756591797,166.4359910689201,163.27129126604743,164.62339868320723,79265200
166.95530700683594,167.58236861722457,163.39869870978032,164.00616044006455,70618900
161.94857788085938,167.80770011623432,161.70363174912274,167.17083120352376,75329400
161.73304748535156,163.23211669383912,160.2633706181813,160.60628625032533,69023900
164.0159149169922,164.4274375522312,160.59647667199232,161.6840380358106,67723800
163.849365234375,165.4660187034269,162.74221886501599,165.34843439183405,67929800
163.0557403564453,168.06243992326603,162.55605562621574,165.49540922825548,87227800
158.51934814453125,164.4764404677371,158.2352171809879,163.09495550660975,84882400
159.58731079101562,159.87144172970685,155.2566649146805,157.862880430984,96046400
153.6302032470703,159.05820246882445,153.55181869779824,158.9700254572649,95623200
153.40487670898438,156.55976925790796,152.23893068313222,152.75821530720194,88063200
160.33192443847656,161.19413952588084,155.71713316880462,156.0306713643422,130216800
154.46302795410156,162.84018882642286,154.07112011517893,158.568327600733,131747600
154.7667694091797,155.03130046543404,150.17157761678854,153.54203875876948,123055300
156.2560577392578,157.46120366883235,153.1599494897431,154.9529423111533,88966500
162.66383361816406,163.1145261346623,156.04048055543203,156.44219580516028,108256500
153.60081481933594,160.76303686900772,151.8175999162394,160.5376906280676,130525300
154.326904296875,156.44635165846242,151.28510401095104,153.08074566682737,116124600
149.2049102783203,152.90412873322438,148.6456204167706,152.02101820173502,131577900
151.6089324951172,153.79707304983472,150.05859659800515,152.59997843272657,115366700
143.7493133544922,152.53126499841446,143.0722664113859,150.61788122808568,142689800
139.88330078125,143.45495579096956,136.19390367446763,140.08936442340104,182602000
144.34786987304688,145.3192870677171,140.42297369266063,141.87518108716213,113990900
142.80734252929688,144.7501769403197,141.4728772141811,142.8171643521235,86643800
146.4379119873047,146.9579596403424,143.92596533868675,146.06504198237434,78336300
138.17596435546875,144.59316242526515,137.27322514239307,144.09274359887067,109742900
134.7711639404297,139.00023828873597,134.03524571353756,137.2536602280289,136095600
135.0066375732422,138.05824551298795,130.12014512321653,136.47847391127468,137426100
140.42298889160156,140.5701665253798,135.06549843768857,135.20286921997902,117726300
137.72462463378906,139.30439614103204,134.7515166065387,138.16617251433556,104132700
137.88160705566406,139.12775081330722,135.7425308510417,135.83083742178036,92482700
141.0803985595703,141.62988165478208,134.56507119637524,134.81037721904417,90601500
146.8303985595703,146.86964094239937,142.5326314835253,142.66019542923442,90978500
146.04539489746094,147.8312299883083,144.08294665114528,146.27108722583742,103718400
145.9178466796875,148.8909545900905,144.90717205322113,147.08549081541827,74286600
148.3709259033203,148.42979696294097,144.1025944132952,145.05438313661304,72348100
142.650390625,145.19175791698237,141.74766608402808,144.14184075062616,88570300
143.39608764648438,145.78046996633253,142.17936438712687,144.2693764860653,71598400
145.9178466796875,146.20239508903217,141.39440285018887,141.63970888221743,67808200
145.18191528320312,147.05604181726716,144.6913032640919,145.79026939576806,53950200
139.9617919921875,145.17208908244996,139.85385675234653,144.3184289860741,69473000
134.55528259277344,138.1171163437947,134.4865897104107,137.64613290864105,91437900
129.4038543701172,132.6615109809625,128.97211331960065,130.37525676148604,122207100
130.26727294921875,131.37606069096353,129.0113076188741,130.63033595491132,84784300
132.8871612548828,134.76130271815364,129.67856950370555,131.76856647591572,91533000
127.6180191040039,129.90427332336094,126.61716621170363,129.60009621204748,108123900
129.08985900878906,130.58132405033675,127.3727165836019,127.62784446904057,134520300
133.3189239501953,134.48658311474856,130.8168142802015,130.91492771438774,81000500
132.8087158203125,135.17345501908306,131.39575042395327,132.25921763216581,73409200
135.67385864257812,135.9878425646897,133.0834276529192,134.25108671150673,72433800
139.00015258789062,139.24545851227742,137.14564039841775,137.2731892979448,89116800
139.00015258789062,140.79579375107633,138.32310584101737,140.02061864553417,70207900
134.85943603515625,140.72715167094702,134.74169394010806,139.46137923230657,67083400
136.61581420898438,138.02877917366496,134.10388314834785,134.87905849783044,66242400
134.15296936035156,135.77198324759192,131.25836106107414,134.67301697127326,98964500
136.3214569091797,136.4293921589786,133.11286488498627,133.48571986150768,71051600
138.9020538330078,138.95111802279916,134.3589823539813,135.18322181452564,73353800
140.23654174804688,141.41400763305737,138.43109305954474,138.69602774966668,74064300
143.60215759277344,143.79839942455877,140.58979232323185,140.5995991745189,66253700
144.27914428710938,144.7795780188986,142.2774542768144,142.53256708066664,64547800
142.14991760253906,143.88668829327412,141.08038702449986,142.93489980535588,63141600
143.121337890625,145.66270453987497,142.32654882035914,143.0232094985196,77588800
142.75828552246094,143.700252180436,139.4515504526769,140.30522551606126,71185600
145.68234252929688,146.1533259024835,140.56035155748177,141.3747693527097,78140700
147.3504180908203,148.02746510063992,145.4174054581408,146.96774129904725,76259900
144.30865478515625,148.72416382298212,143.94559163866427,147.90974591488566,81420900
148.16485595703125,148.3905333334654,144.1516525247905,145.14268358851726,82982400
150.16650390625,150.83374396533713,147.54663780551792,148.28255575422767,64823400
152.43319702148438,152.64906755964233,149.0872186523304,151.59915039930192,65086600
151.19680786132812,153.3456908921451,150.52958270466215,152.47240210045547,66675400
150.07821655273438,152.12897123891142,149.42079823109208,151.1183116577891,53623900
148.7535858154297,150.21560020375307,147.96860350790257,149.40118236976926,55138700
153.84613037109375,154.37599980512033,149.30307266450654,149.7151850174758,78620700
154.39561462402344,154.68016301876492,151.51081343985047,154.0325515340952,81378700
159.4586944580078,160.55767543376024,156.50521583755506,158.21255085489784,101786900
158.47752380371094,160.51847204780725,157.86916955763294,157.98691167692704,67829400
157.0056610107422,159.36060780651525,156.63280603827062,157.0939825576486,59907000
163.01075744628906,163.4621121282082,157.73176722636683,157.82007379818262,82507500
162.69676208496094,164.05085610462757,161.3426680652943,162.89300390623217,55474100
162.4707794189453,162.96207295817032,160.1616937873522,160.36804367078585,56697000
161.9990997314453,164.88790765782107,161.34076829816232,163.47298010260957,60276900
162.04824829101562,162.93258559805665,160.40732977942574,161.16392597706255,63135500
166.29302978515625,166.3912794896035,163.99376480339055,164.76018146628317,70170500
165.5561065673828,168.01257432763373,165.26132743753485,167.09876052441393,57149200
169.10324096679688,169.1720142653812,166.45024387983412,166.86294364369544,68039400
170.17425537109375,170.37076978453467,168.36629877849532,168.53333677957454,54091700
170.0170440673828,170.6852110892498,168.67090454328755,169.77139729331643,56377100
171.51055908203125,173.08268924248625,169.56504107416526,169.76155547008622,79542000
171.11753845214844,171.8544787813878,170.1054749327735,170.72450960712317,62290100
168.5333251953125,170.71466951867444,168.3269753298755,170.0170261568602,70346300
164.65213012695312,166.9022480242965,164.22960987091767,166.73521001384654,69026800
164.31805419921875,165.77229405857466,163.74815182078322,164.1706721156108,54147100
164.61280822753906,165.1827105189657,163.35509799580043,164.40647334198977,53841500
167.0692596435547,167.1773448089003,165.4185207470986,165.84102594330326,51218200
160.7709197998047,168.0715508070674,160.71196696415674,167.59991312879245,78961000
158.56988525390625,160.06340660842702,157.03705202563728,158.34387946257124,73314000
156.1429443359375,159.72938182049697,154.97366310325177,159.30687649740773,77906200
154.4823455810547,157.78383884788298,154.40373681361956,157.5185361319256,87991100
155.20947265625,155.66145434866903,151.97675253984187,153.91245042285962,74229900
153.09686279296875,157.56763619543025,152.27149339367668,156.9682575855211,76957800
151.8391876220703,154.3546082697241,151.01381803326322,153.74540904842692,73714800
153.2442626953125,153.94189101263512,150.9351774352468,152.1241142058328,87449600
151.77040100097656,153.6373103822705,150.02138227376568,151.94725947173376,84923800
154.6297149658203,155.07189112050955,152.0553417641127,152.76280561990976,68028800
160.58421325683594,161.39976240335073,156.5261384587271,156.81108213975503,104956000
151.16119384765625,157.7445243311509,150.69937671737435,157.1156691952697,122656600
152.6055908203125,154.3644300184662,150.9351958505273,152.0946413613245,87965400
149.716796875,152.53683214610933,148.7440452074938,151.95709434204855,90481100
148.07583618164062,148.71452663381027,145.78640700828322,148.57696507371128,162278800
151.79006958007812,151.8686783568659,146.5037605306467,146.71009545075992,81474200
154.16790771484375,155.3273682721185,150.41443284470995,150.7288529156578,107689800
151.04327392578125,155.9758648340084,150.92536828428254,154.600234046477,101696800
150.08035278320312,151.7802241971407,148.28221666613402,149.72662084225365,86652500
147.81057739257812,148.83247642204518,145.97314422465584,148.55735322020942,96029900
148.14463806152344,151.09239889982268,147.0343100146429,147.05396595162924,93339400
149.11740112304688,152.02586530633175,147.33892101138343,150.08034720002962,84442700
147.2308349609375,148.01690757279204,142.31789987820665,145.06914652315353,146691400
139.99900817871094,144.16518295071455,138.23034837016746,143.55598373619551,128138200
135.79351806640625,140.60820327947016,135.59700366840286,138.8198877735382,124925300
139.9695281982422,140.57874239032802,135.29241903979042,135.8033685254817,114311700
143.5559844970703,143.67389015390162,141.74801279814906,142.50460908002574,87830100
143.85073852539062,144.81368463210958,140.51976901629106,141.56132388640066,79471000
142.89761352539062,144.970872598081,142.6912786611767,143.27100136570334,68402200
137.65060424804688,140.60820060654387,137.02174919053795,140.05793931227225,85925600
137.9748992919922,139.41930374314163,136.15712188264376,137.9748992919922,74899000
136.5599365234375,138.88867789955424,135.8131758038938,137.4639147607023,77033700
135.9310760498047,137.9159059012539,135.7542175942047,136.70732814205923,70433700
140.50010681152344,141.08964995811803,132.03019750307845,132.63941157890508,113224000
135.9704132080078,142.00349764686453,135.78371925254498,141.79714775053986,88598000
139.93023681640625,140.41169491464842,137.82750095740744,138.61357366022068,85250900
141.24688720703125,144.1455159806622,138.1615644966325,142.95659405664904,99136600
141.35498046875,142.42599680685538,139.03607431855443,139.22276826600364,61758300
140.89315795898438,143.34962560942563,140.16603813694184,140.52960554450746,64522000
144.70558166503906,145.27548388473534,140.16601984417193,140.3821901686459,86548600
146.84764099121094,147.61405773965313,143.45771845108737,144.62699951406933,75981900
149.6873016357422,149.83469868322362,146.75919654145045,147.47648086131204,74732300
146.7493896484375,149.3434189974195,145.46218795090752,148.33135548203074,88194300
142.27862548828125,146.4546209688135,141.62029388228584,145.49168973842666,109180200
153.02810668945312,154.75745443354808,145.24601935139384,145.6193922207591,164762400
150.66990661621094,151.55424402730603,149.27463469355658,150.49304812984573,97943200
148.0267333984375,152.74315424703352,146.5332118743015,152.3796018355527,80379300
142.5045928955078,149.5202635488904,142.47511648464766,146.35633217647393,93604600
136.46170043945312,140.31344004952294,136.33395931941936,139.58632020230726,97918500
136.19593811035156,140.41822196260875,132.25907054843208,139.84737436397546,140814800
136.72740173339844,136.95376740177366,133.52869700052665,134.94597165427223,83374600
137.2982635498047,139.19779504119253,135.31999290082103,138.1939045722533,89908500
132.74134826660156,136.36327480735815,132.46576869499577,136.31406095143706,74917800
144.55194091796875,144.55194091796875,137.298266687944,139.0108096143879,118854000
147.3372802734375,147.64238513720315,142.0914019190675,143.5185285677149,93979700
145.939697265625,147.90813128864986,145.10310679865555,146.61880940644215,73374100
147.67189025878906,151.16586309626985,146.2152535189844,149.8174908111913,89868300
146.44161987304688,147.50457588314197,144.96529458424104,146.77626501882386,64218300
148.3411865234375,149.0891860323431,143.8433076526517,144.11888720950952,80389400
148.90219116210938,150.2899408094876,147.60303246304494,149.9060967599958,74829600
145.6739501953125,147.99670287508093,145.3885338782466,147.790025718782,58724100
147.80970764160156,148.04592513732047,144.6110022662971,145.7920747269315,51804100
148.6856689453125,149.43366845656658,146.98296272757275,147.09122719796105,58301400
145.77236938476562,146.53022062215993,144.79798922240155,145.96920976620405,35195900
141.94378662109375,144.32559012136235,141.11704788902577,142.8492645206864,69246000
138.94190979003906,142.5244590100729,138.13485967272496,142.01266197350824,83763800
145.69363403320312,146.3727461321645,138.33169544585772,139.16827084330671,111380900
145.9691925048828,146.77625749668832,144.29602693357575,145.87077983478045,71250400
145.4771270751953,145.66413072697534,143.35121453595042,143.6563344518848,65447400
144.31573486328125,148.53801893223152,143.4693076933105,145.43774157529282,68826400
140.65447998046875,144.9751927748334,139.68009957146649,144.74882702977874,64727200
138.715576171875,141.10721678685633,137.79040959032307,139.94584768607433,69721100
140.39854431152344,141.25482328488022,138.8730200272998,140.1131279990439,62128300
139.9163055419922,143.2724894333561,138.6761823933455,140.09345741010685,76097000
142.2095184326172,142.21935519606154,138.8336463442299,140.44776160871248,70462700
143.17404174804688,147.6030180487257,141.9634590975565,147.14043487810696,93886200
140.94970703125,144.34525228867759,138.93205940879196,143.05593056925082,82291200
134.34564208984375,139.5619960317231,133.88305882406812,138.88288378971373,98931900
132.38702392578125,135.47746472052233,131.61933586337778,134.5326248058533,160156900
130.28079223632812,133.0661279935264,129.24737645818792,132.97755207276447,79592600
130.21189880371094,131.14690185461754,127.83993247167396,129.31625782088165,77432800
133.31219482421875,134.6507305969255,130.65481182459862,130.88117753836192,85928000
130.14297485351562,132.43620165155932,128.2434437608185,132.2295245469635,77852100
129.77886962890625,130.3300288114699,127.5939064280565,128.85370313619094,63814900
127.97774505615234,129.33596942535033,126.68842309082302,129.30644411453827,69007800
124.05071258544922,128.96195335269854,123.88339749624971,127.62341762114275,85438400
127.56437683105469,128.4206408882066,125.71405141675788,125.969942452078,75703700
127.87931060791016,127.89899915340173,125.41877555904108,126.38331154566909,77034200
123.09601593017578,128.83399514878522,122.21021915687207,128.2237854341601,112117500
124.36566162109375,126.62936374107429,123.10586505340991,124.88729543343348,89113600
123.04681396484375,125.75341088924934,122.79092293482029,125.12351256937882,80962700
127.57418823242188,128.2336117453076,122.91884655664052,124.02117217456781,87754700
128.0958251953125,131.30438194257326,127.83993420444634,128.41078181603234,70790800
128.6667022705078,129.18833615231142,126.09789493911427,128.20411901412172,63896200
131.3831329345703,131.4028064616691,128.40095662151043,129.1784814447806,69458900
131.30438232421875,132.14095769176564,129.36547379890666,131.76696547602162,71379600
132.633056640625,132.7905349401524,129.5819934315568,129.9461488585014,57809700
133.79446411132812,135.12314807764807,132.01303370787318,132.7019826183309,63646600
133.0760040283203,136.42233624485746,132.898837136548,134.6605941996835,69672800
133.1350555419922,134.0995841255356,131.6587298451973,131.9638347529944,58280400
135.69400024414062,135.84164181281548,132.10161400912494,133.14488168206822,80223600
138.8828887939453,141.05801539977267,135.72354499448727,135.94007397852303,81760300
140.28045654296875,140.90051809732327,138.0856567013407,138.0954934654877,66435100
139.62103271484375,140.18202862963406,136.61916767862735,138.6663409653264,65799300
141.68788146972656,141.9732977828438,139.6603818984353,140.9103416541343,54105100
143.6267852783203,144.9062704324847,140.82177572822627,140.90051489349364,70555800
140.74302673339844,143.2527830109075,140.59540019505755,142.67209860282117,64015300
142.01266479492188,142.06187864867766,140.03439402480078,140.4477633640219,65874500
143.13467407226562,144.29605796571016,139.08955653554688,141.69772563249788,77663600
148.43960571289062,148.7939093931277,145.831421817907,146.5498959772077,118339000
152.06153869628906,154.8960886893848,145.496812581912,145.6936529941079,154357300
149.33526611328125,150.6836538403975,148.4002628109197,150.1620199448286,69858300
152.2091522216797,152.77999988075524,148.2624474794368,148.2624474794368,83322600
149.52223205566406,152.14025265616812,148.78406936876726,151.45130381865607,64120100
148.4888458251953,151.89424398332804,148.04595108381588,151.3529215136586,56007100
148.85353088378906,149.17882019931434,147.08909918660703,147.32567733632254,57450700
151.6529998779297,152.05713357186568,148.76483299254943,148.79440338379132,62199000
151.0122833251953,151.57415087909246,148.70570240485208,149.94770404483108,61707600
153.11184692382812,153.27941747242824,150.69683660205456,150.92354792770303,65573800
151.51498413085938,154.09756497312395,151.16012443154224,151.3178281549916,68167900
150.37156677246094,150.8151376986906,148.69584602843153,150.17442580979125,59144100
146.3596649169922,149.1394018439348,146.29067235544917,148.05510409777494,58867200
146.78353881835938,147.8086807909047,145.0585291708209,146.74410160351695,51011300
147.2665252685547,148.1931042440918,145.1373820304515,147.94667430552937,48394200
144.61492919921875,145.08807039598366,143.6390613800591,145.00921102304162,55469600
145.8076934814453,147.03984342133134,145.34440390077674,145.60070071444446,44998500
145.304931640625,146.9510815880518,144.7332124606566,144.95007197860627,50547000
143.23492431640625,145.12750429739225,142.9392054041828,144.73322244168676,55479000
143.82638549804688,144.6149643784106,141.8450789930105,142.31823534576338,52238100
148.87326049804688,148.9521198871165,145.22610023869615,145.9259528752422,70732300
151.63331604003906,154.06804574984884,151.26860443716606,151.593878815413,87558000
149.4351348876953,151.83042689733767,148.97184535612897,151.50513754277677,56182000
150.68695068359375,151.2783884609091,149.66180891591966,150.62780991403972,47204800
148.4395294189453,152.33311931510104,148.08466971716794,151.36711819838627,53833600
146.37939453125,148.78455331931613,145.50210448552664,148.0649820559655,68572400
148.32125854492188,150.9531285889032,145.59081050522525,145.69924028415588,84457100
150.41094970703125,151.2093801741156,147.956517536496,149.11965944141213,73695900
150.8052978515625,151.06157961922946,147.7791304398882,149.03099896531148,77167900
153.6244354248047,154.22572509887632,149.47454848721353,149.98712698991974,76161100
152.78656005859375,154.50171782493953,152.07684064085686,153.8511391851991,98944600
155.1522979736328,155.56631354554972,151.94870846939224,152.85558396503848,73641400
157.00543212890625,157.1237136794573,154.30455474450915,155.07342994575768,73938300
155.57614135742188,159.82459083880553,155.55642275206148,157.02515051318744,75701800
156.66046142578125,159.24305787299903,155.42831151194017,156.56189845720945,67622100
157.9615936279297,158.0503047976887,155.59587218901564,156.5914437450547,59196500
156.01974487304688,158.47419284355544,155.6155961034445,157.65604352005258,52390300
155.39874267578125,156.22675885726497,153.75259217928735,155.71418027651652,45992200
158.47418212890625,158.75018247951246,157.07446176772007,157.09416533498404,51305700
160.04148864746094,160.1499184415396,158.9670575321584,159.22333929957506,49501700
162.54518127441406,162.64375926608275,159.59788883873148,160.120319104618,68749800
163.79705810546875,163.91533966892132,161.87490749491164,161.92419649331373,56976200
163.26478576660156,164.4574983782598,162.75220722625122,164.22093523724538,46278300
161.42147827148438,162.69306530915642,159.48947577581393,162.38749456021097,51511700
162.30862426757812,162.60434321282244,159.686606015777,160.1104583059446,45390100
159.7161865234375,159.7161865234375,157.79403581892626,159.11489681167845,47716900
158.50372314453125,160.04144339602837,158.21785602238293,160.03159161422226,47644200
157.81375122070312,159.74575366976245,157.49831365463328,158.9177526201656,50133100
163.19577026367188,163.43234843413578,159.11489082873655,159.3218986080038,68445600
162.85076904296875,163.94491858408577,161.48061917083933,162.23961256067847,49386500
162.87045288085938,163.02817163401676,161.68759231395518,162.73245273206868,41516200
164.09274291992188,165.01932174992547,163.28444562876558,163.72803148121778,49923000
165.2362060546875,165.7586363174907,163.17604035173306,163.43233711220313,47720200
164.2702178955078,165.47279739564374,163.19578679746758,163.71821714939145,52456400
162.66346740722656,164.0730393438838,162.14103717495192,162.69303779464673,58337300
162.96905517578125,163.23520373133107,161.54961626736943,162.643765839196,41949600
161.4313201904297,163.93504162144998,161.3918829793584,162.83104036567903,48714100
161.42147827148438,162.91977666468185,160.47519563222698,160.73147738017352,45498800
166.00506591796875,166.1529178634098,162.83104713478986,162.83104713478986,64902300
167.2569122314453,167.42449781718415,165.48262879614657,166.08391841749662,55275900
167.168212890625,168.01593249804148,166.2317821133474,166.86264216717663,52472900
166.13320922851562,167.91737470896658,165.1474894240389,167.66107793363267,48425700
165.05877685546875,168.47922575134587,164.77292473257992,167.07950544573387,65136000
163.42245483398438,164.65460440159984,161.96359395737636,162.53531316165655,81235400
171.09140014648438,171.81097141948842,168.32151475691046,168.53837432535954,113453200
171.0223846435547,171.36739258858663,169.65223472844943,170.0169462399646,55962800
169.3170928955078,171.06180609803263,169.14952233576255,170.57881302608763,45326900
171.08152770996094,171.54481722364216,169.4452292165715,170.54924563088602,53724500
171.26882934570312,172.09683043603525,169.71139012861647,171.36740735017244,49514700
170.34092712402344,171.81167121139163,168.79119952450796,171.3773522647327,45533100
169.84742736816406,170.97270170588305,169.25517137496644,170.92334452950067,37266700
169.84742736816406,170.9035986466086,169.58091066505557,169.76845889829133,42110300
170.4593963623047,170.69628668546216,168.21871333171157,169.492059065459,57951600
172.78890991210938,172.97645812210007,170.35081330561755,170.76538642479474,65496700
172.8975067138672,174.11161490131875,172.68034719263906,174.11161490131875,55809500
171.9499053955078,172.45332751081392,171.2095929310653,171.73274586766902,43570900
169.343994140625,171.140492823502,169.06761204505847,170.89372201948225,50747300
169.62037658691406,170.19288666082696,168.317434571077,168.88006417332414,45143500
170.7555389404297,171.65377326209193,169.47232768730396,170.18302884098296,56058300
173.1640167236328,173.49963649375093,170.873991291327,171.08128541223243,54835000
175.0098876953125,176.6780610308142,174.28932103938652,174.6742829582179,55964400
174.9604949951172,177.03337571367211,174.4768188110026,175.03946345752533,99625300
177.76382446289062,177.79343575638538,174.64463768008144,175.40469602373648,68901800
178.6127166748047,179.43199760539318,176.94454352013497,178.69168514468382,61996900
177.2603759765625,182.561007136821,175.74025964458482,180.27098229225282,121946500
176.8952178955078,177.79345231801273,175.1381956348758,177.64539583674735,64848400
175.52316284179688,178.86937468745242,175.02962118278163,176.13514967923302,61944600
178.2376251220703,178.50412674833163,175.1677956906412,175.60209965770608,50214900
178.62257385253906,179.8761586114367,178.29683460490384,179.15559212759166,48900000
181.416015625,181.51472997018058,178.63244881890137,178.92857679274874,54274900
180.94223022460938,181.77137654932005,180.08347260699438,180.43882318354116,54929100
181.57394409179688,182.00826309164242,179.668880824476,181.00143405215442,57462900
183.60733032226562,184.11075236554325,181.40613912687283,181.58382192499832,65433200
182.5314483642578,184.57471809579366,181.8898502216663,184.31806678939995,101256200
182.62022399902344,183.69615593706706,182.0279832243918,182.0279832243918,49799100
181.5838623046875,183.01513017043268,180.23154785378478,182.5117080152066,49515700
184.58456420898438,184.63392138287654,181.29757524213758,181.36667829792557,51245300
184.2686767578125,185.13731475683954,182.6202496908907,183.15328303090953,53117000
182.8769073486328,185.6209974197008,182.83741558637178,184.4167547195407,48088700
185.630859375,185.9565986299679,183.27173119056016,183.48889069387212,50730800
186.8054962158203,187.44709427325768,185.17681495512898,185.50253915791174,51216800
187.14109802246094,187.61490879718235,186.49949997485513,186.63769101872532,46347300
191.46450805664062,191.96791501002735,188.78950625721086,189.15473724224137,85213200
189.9740447998047,191.37570117698604,189.28307449044232,191.27698682945007,31458200
188.85865783691406,190.48733932830032,188.15782203618815,189.0955632614615,46920300
189.3324432373047,189.53973735512338,186.7561552507634,187.38788795320247,45094300
188.217041015625,190.1813422528557,187.7827370048323,188.93762268666168,46815000
186.17376708984375,187.5359467558433,184.62403920180722,186.8153651594175,59922200
185.65060424804688,186.85484691926047,184.18972537508213,186.71665587805697,46638100
187.3188018798828,189.2238654174545,186.0355905787657,187.22995293607858,60750200
188.0788116455078,188.72042471252908,187.32863389417258,188.0393349477294,41342300
188.22691345214844,188.71057462083735,187.18060758311253,187.77284851528793,41616200
191.48426818847656,191.81000743962883,189.33241906132668,189.421252931179,50520200
191.22760009765625,191.8198559679377,189.93452367795723,190.85251877072426,48288200
192.57998657226562,195.66954752002871,190.16162007728136,190.60581967787724,80507300
190.6353759765625,193.93223012421538,190.01350876450033,192.57005054034346,59581200
189.4607696533203,192.4516308259383,188.75993388819955,191.5928731808388,71951700
190.26028442382812,192.3923877240068,189.76674282999198,190.9117629424984,45377800
191.11903381347656,191.92844922240585,190.4280786239598,190.83278632842445,37283200
191.98768615722656,193.11296042478057,190.8229351880455,191.1684052777898,47471900
190.72421264648438,194.65279947329122,190.06286872536143,193.48804855415668,47460200
193.30050659179688,194.09017617119656,191.63233355900982,192.15548645475204,48291400
193.91249084472656,193.95198260711592,192.7378594315981,193.52752900074864,38824100
193.08334350585938,194.1888718595327,192.75760424557473,193.7052107356477,35175100
190.09249877929688,192.6589062555568,189.37193220630533,192.52071519961737,50389300
188.70071411132812,189.8852110681393,188.22691834094286,189.09555647139584,61235200
179.63926696777344,184.9596445164711,179.57016391801557,183.12366926443607,115956800
176.53982543945312,180.76454006954836,175.05920073091434,179.7774569305225,97576100
177.47756958007812,177.94149990785485,175.2862435821482,177.3689898212007,67823000
175.8883514404297,178.59294967088076,174.72358547458126,178.53372709089916,60378500
175.6711883544922,178.41527829006225,175.30597241092943,177.1616784798233,54686900
175.7305145263672,176.55090180538758,174.50488805624465,175.26597277471524,52036700
177.3811798095703,177.60851131506328,175.25607590732963,175.90843422608452,43675600
175.39443969726562,177.40092323969566,174.99907927707545,176.8078826094104,43622600
174.52464294433594,176.47180884084688,174.45544657600635,175.07815356283987,46964900
171.9844207763672,175.4537562487029,171.47044012349116,175.08804707675128,66062900
172.46873474121094,173.07166917955516,169.96804315644715,170.30410101859755,61172200
173.8031005859375,174.08974972921308,171.7274356199635,173.04203097276417,46311900
175.177001953125,175.62178623446252,174.20835828322907,175.00897300604348,42038900
179.0218963623047,179.44692307372773,176.26422243128218,176.4520238794437,52722800
174.33685302734375,179.00217866700072,173.9711287799832,178.57715186115848,54945800
176.54100036621094,177.07473842454561,173.78332608108835,175.3252527852027,51449600
178.10272216796875,178.49808262553688,176.48172016068384,178.00387451255935,43820700
181.9871826171875,182.7581460326424,177.4207046822572,177.61838490226515,53003900
185.47628784179688,185.67398314097,182.6000082560471,182.7976884731864,60813900
185.69374084472656,186.92926105598286,185.30825914209595,185.66408956621913,60794500
187.26531982421875,187.7199827815663,186.09898099052413,187.29497110047913,45766500
187.5025634765625,187.77931882570883,185.43677709113604,186.09901418245303,45280000
180.79119873046875,186.66239298088038,179.3678770840619,186.21759365485326,81755800
175.503173828125,176.1456533918577,171.52973657694065,173.15073850258275,112488800
176.11598205566406,178.15213198996554,175.7305003611282,176.2840260730559,65551300
177.2823028564453,178.21141635408188,175.2856982178241,177.98408488615974,58953100
174.2577667236328,178.043402311121,172.79491507430095,177.4108165912451,90370200
172.1919708251953,175.24617287306006,171.96462426919445,174.46531572894506,84267900
173.7042694091797,174.06009984649242,171.5692867853032,171.98441978182902,60895800
172.98269653320312,174.45544195430384,171.806494041059,174.43566940930017,109259500
175.90841674804688,177.30208708635865,174.1292647291417,174.43567131089117,67257600
176.99566650390625,177.54917706999674,175.07813698421282,175.46361863431386,51826900
173.4571533203125,177.61837681135137,173.36818440563272,177.18347129792434,58436200
171.91522216796875,174.25777881422758,171.84604087673065,172.52805046683002,63149100
172.76522827148438,175.02870938713053,172.03381007438438,172.64662317617766,56725400
174.04031372070312,174.92000347180993,172.13266274999066,172.1820865728236,46172700
169.9680633544922,173.17052232124786,169.6715354659317,172.79493440563715,64588900
168.45574951171875,171.0355161486817,167.09174554279588,170.6203831944849,66921800
168.71275329589844,170.03722730338785,165.67830850769053,167.37838547451082,56294400
169.22674560546875,171.06520035560507,168.36681324873706,170.02736032081233,51861100
171.73728942871094,172.28092127496365,168.94994891630552,169.2365980179806,52164500
170.40292358398438,171.61868620307462,168.84123947337378,170.26454593815689,49594600
171.6483612060547,172.19199313339385,168.98951921036945,169.10812432832188,53020300
172.8838653564453,173.41760341955526,170.67968657288918,171.77682905786853,48527900
175.4340057373047,175.92821386257307,171.17391902858174,171.78674735969838,57266700
176.91661071777344,176.9759132731787,173.76356081110382,174.76185568517045,42390800
176.32354736328125,177.6381425852869,175.88864186643335,176.03691333055846,43698000
177.71722412109375,177.76664794425923,175.54271164011269,176.13575227199846,47551100
178.61669921875,180.2278073787141,176.96603088257305,177.98411345020415,56743100
176.77822875976562,179.82253713140665,176.07644667980117,179.31845034069394,51427100
176.6497344970703,177.0055649122618,174.46532818230494,174.70255348644375,52517000
175.09793090820312,176.35322375615226,172.77516179309222,174.60372278813253,57549400
173.8031005859375,175.5229501994882,173.08156098457755,173.5461178040648,54764400
173.42750549316406,175.77992569036093,173.16062890788183,174.0007735918687,59302900
170.8773651123047,173.3879351486228,170.6401398397108,173.27920878393786,64244000
170.99598693847656,171.99428177951037,167.96154224302492,168.93020088937016,55980100
171.43087768554688,171.65820914819068,169.46392436745393,171.04539603931104,43816600
169.11801147460938,171.0552987076063,168.67321213575732,169.88897487497013,57157000
164.95675659179688,169.39475015606334,163.75088778515044,168.39644027726376,70625300
166.27134704589844,167.00278034322866,164.8974493569631,164.9765244498122,58499100
168.3173828125,169.18719386762373,166.91383366211736,167.06210513671374,51131000
168.7918243408203,168.92030818010912,165.9550598323106,167.38827526603964,44846000
171.95477294921875,172.21175573979943,168.1493644262673,169.01917553597846,56934900
175.5130615234375,175.7206204672586,173.42750286114074,173.4868054165182,77334800
174.6037139892578,174.77175801380423,171.34195262679097,172.2216424329047,79829200
177.15379333496094,177.35147351618673,174.1687879097799,174.33681681792336,63841300
179.71383666992188,180.32664987384885,176.89684453064555,177.10440348202485,70530000
180.77142333984375,181.32493395317235,179.4864793691692,180.23768527185777,49340300
180.29701232910156,181.9871956757889,179.70395654448856,180.84064428465763,53763500
184.4834747314453,184.65174012268164,181.64298820237886,182.07846664625706,66133400
182.8999481201172,184.11729742228064,182.31601793716675,183.9094650326421,43627500
185.5128173828125,186.17592689168708,184.38453902262373,185.7701387274506,60108400
186.07693481445312,187.55162053928348,185.84930383072194,185.91859136162876,53790500
187.75946044921875,188.99660829200764,186.7103463929358,187.62090049490251,54412900
187.7396697998047,188.42257785422723,186.63119011836693,188.29390964052354,50922700
189.4815673828125,189.93684445013852,187.92771748948175,187.93760923589429,46505100
188.67990112304688,189.55085808280586,187.78916067013205,189.44198846283598,38134500
189.343017578125,190.94635649331246,188.8679569924961,189.52117473642568,39617700
188.0167694091797,188.93720009481962,187.30417109040621,188.90750975669584,24048300
187.838623046875,188.7095799535061,186.95777439426936,187.9672912540552,40552600
188.4423828125,189.11539919710927,187.45266438364885,187.8287622192218,38415400
187.42294311523438,190.11497800569174,187.02706184977393,188.93721085337887,43014200
187.9969940185547,188.36320007044645,186.2550951920731,187.88812439803064,48794400
189.27374267578125,189.5904446947665,187.28439912721964,188.37309535289532,45704800
187.48231506347656,188.09595062883508,185.52267721747734,188.0266631045601,43389500
191.43133544921875,192.4012552746417,188.22464232394302,188.25434777036742,66628400
190.3426513671875,192.75755159573393,190.1348038567878,192.4507413057332,41089700
192.2725830078125,192.99507315570867,191.59956669458757,191.63916388460834,47477700
193.69775390625,193.97487379172213,191.67872033849463,192.20326977184553,53406400
191.1937713623047,191.5005967167582,189.4518726145205,191.12449893522992,60943700
192.7080535888672,192.71794533501543,189.748790485074,191.09480795445688,52696900
195.92465209960938,195.96423418895137,192.8466274130704,193.08415015292962,70404200
196.07310485839844,197.567574144968,194.14315707722483,195.98403383047588,66831600
195.53866577148438,196.36011872958818,194.9745190512041,195.4990685795855,128538400
193.87591552734375,194.60831249977454,192.39133809002112,194.0738561652729,55751900
194.91513061523438,194.92502236186388,193.87592334681435,194.1431515248431,40714100
192.8268280029297,195.6475162401682,192.8268280029297,194.87553713507947,52242800
192.6783447265625,195.0536776254948,191.51048442189503,194.08375795359612,46482500
191.60946655273438,193.40085423729087,190.98593919883143,193.17320815773428,37149600
191.06512451171875,191.89648427525853,190.84738527337694,191.6193643540786,28919300
191.1641082763672,191.51051576683653,189.1252907315366,190.51090559150927,48087700
191.58966064453125,192.65855816674446,191.18387253758047,192.14390044821914,34049900
190.5504608154297,192.40122918172025,189.758683164504,191.9063700376295,42672100
183.7313232421875,186.50253778362813,181.99931604152513,185.22579259007347,82488700
182.35560607910156,183.96885182302105,181.5440297827802,182.32591573673892,58414500
180.03965759277344,181.2075179249861,179.0202489631632,180.27718031693732,71983600
179.31715393066406,180.88091065327836,178.31754388665928,180.1188384374096,62379700
183.6521453857422,183.69174257913158,179.63389106527006,180.21782130157615,59144500
183.23643493652344,183.24632668227045,180.8512103460259,182.0289774717032,42841800
184.2756805419922,184.48351295933534,182.02901543293186,182.45460221923815,46792900
183.6818389892578,185.12683453552387,181.73209248260326,184.6220684732307,49128400
184.00843811035156,184.82001442518902,183.28594792653803,184.14699807850627,40477800
181.7419891357422,182.3655014396163,179.06973745492456,180.28710192352952,65603000
180.80172729492188,181.04915686376333,178.44620806884475,179.40623600410183,47317400
186.69058227539062,187.1953332109462,183.9193677995691,184.17668914088887,78005800
189.59043884277344,189.97642838325277,186.8786203129096,187.38337121910467,68903000
191.896484375,193.32168117146784,190.2832386815117,190.32283587135973,60133900
193.1732177734375,193.73736447446063,191.83710707958323,193.01487431695855,42355600
192.50021362304688,194.36088890095834,192.34185506707502,193.41075266703035,53631300
192.17361450195312,194.2520291241628,191.1245154438125,193.21282181305796,54822100
190.44158935546875,192.7575265029299,189.96652881027472,192.27257421163478,44594000
189.7587127685547,190.2238816447227,187.63082415775594,190.0358327243265,47145600
186.1066436767578,189.82799457367844,185.54251203451676,188.97683613469175,55859400
182.50405883789062,185.17631048108575,182.45458500160478,185.11691469411622,55467800
184.93875122070312,185.02782223798647,181.93001441121828,182.0982647000541,64885400
183.9391632080078,185.40394215196616,177.40701599262258,178.01074479617154,102551700
185.75033569335938,187.3042007769885,183.92925752426459,186.21550453356022,69668800
187.35366821289062,187.36355995873058,184.8496822422945,184.93875326056028,43490800
187.46253967285156,189.08567701882757,186.6707620426896,188.67988890685803,53439000
186.3837432861328,187.5911856262693,185.42371540021887,187.44273393335544,40962000
187.14682006835938,188.27653811843788,186.30447993507684,186.9486117161699,45155200
185.46212768554688,186.96842336096995,185.1053738445565,186.72067805809255,41781900
183.3711395263672,184.53060074172208,181.85493962465304,184.094566630165,56529500
182.4892120361328,183.8567711565096,180.79464237244255,183.6486735380374,54630500
182.20179748535156,182.82612045767794,179.71444020641266,181.89459574378543,65434500
180.66578674316406,183.18288755084293,180.03155935687485,181.76577652013776,49752500
179.9225616455078,180.78471053407532,178.3766332434525,180.15048310961222,53665600
180.67568969726562,181.24054108716462,179.03065736673128,180.29911202321813,41371400
182.7071990966797,183.29188949706392,180.8144364958238,181.82522643308513,52292200
180.8739013671875,183.3711632214272,180.58650833781007,183.34143499372246,45119700
179.5261688232422,181.11172976770854,179.02075870271764,180.59643039937333,40867400
180.98291015625,182.26126931281985,177.94059046680667,179.46671005654383,54318900
179.7838134765625,181.46847854843006,178.50545433930714,180.8639793914523,48953900
179.11985778808594,180.92345088953732,177.9108594746495,179.63517226295397,136682600
178.03968811035156,178.90183692569335,175.78025215753124,177.93067957222544,73563100
173.52084350585938,175.30459787050253,172.22264521258595,174.56136184484268,81510100
168.58570861816406,170.48839061409436,168.09021804252058,169.21993595014084,95132400
167.59474182128906,169.69563232435493,167.15870765798908,169.5172478388351,68587700
167.475830078125,169.1902233947002,166.97043508778398,167.62447121611535,71765100
169.19021606445312,172.13343143853632,167.41636636953461,167.4758228221548,76267000
171.19200134277344,172.8073055285168,170.49831753088682,171.3802901891083,60139500
171.6676788330078,172.4604668624585,169.4676992338398,171.58839851794536,59825400
169.5866241455078,171.62804307697533,169.21995080494636,171.21183277143888,52488700
171.4397430419922,172.73792596009017,170.49831395125625,171.35055836544484,72913500
171.06317138671875,171.06317138671875,168.75418335618096,169.62625165850892,121752700
172.15325927734375,176.107279800922,171.95506605696912,173.98658058844927,75604200
174.49197387695312,175.01719271038215,171.46947815172825,172.76766112194616,55215200
177.05862426757812,177.05862426757812,173.51090945491785,174.1352325028599,53423100
169.82444763183594,175.8892630091755,169.29922879245808,175.45322885093574,106181300
170.7262420654297,171.48930183291895,168.52626256417108,170.21092760104455,71160100
169.3091583251953,170.38932429506946,167.92177545566648,169.0316847755244,54288300
168.179443359375,169.8740129173693,168.05061095138228,168.46682128354186,57388400
171.74697875976562,172.03437182483108,168.57584140102637,168.87313883616537,60273300
169.93344116210938,170.67667701496117,168.97218824939392,170.2010103030642,65672700
168.4965362548828,169.70553455748254,167.9514935576168,169.6460781034487,46240500
167.31727600097656,167.81276664190898,166.71277681419204,167.5551169522469,49329500
168.11996459960938,169.14067408704202,167.05962251511946,167.2677201117247,47691700
167.2974395751953,170.36947196785653,167.2974395751953,168.75416790697062,53704400
168.0506134033203,168.85330584999502,167.4262903353845,168.06051777285862,42104800
166.93080139160156,167.67403738632925,166.72270378093583,167.50557237539863,37425500
168.13978576660156,168.5460917055098,166.83169838821917,167.17853275073267,42373800
166.26683044433594,167.5650134431552,165.60287483124418,167.27763553824258,49709300
173.4613494873047,173.87757491447604,166.64340884278624,166.8217782077108,91070300
174.95773315429688,176.75140669942581,172.63884078505302,172.68837774790788,101670900
171.13255310058594,175.0370216134587,170.94426424521788,173.77847120218846,73531800
167.85240173339844,172.19288913903023,166.7524119884344,170.20102235595408,73711200
166.48483276367188,169.1109267558204,166.48483276367188,168.08031301583728,50901200
165.53350830078125,167.11908441586118,165.04793714543356,166.5145852231191,43122900
163.51190185546875,164.89926951971245,162.6002009445124,164.7109957890585,68149400
164.34432983398438,165.75152141981465,163.28398774037723,164.0272236912775,48116400
165.39476013183594,165.54341638804536,163.43262154349364,163.85875133255257,49537800
167.49566650390625,167.77314006308927,164.71101142134987,165.03802194946388,48251800
168.35780334472656,169.07131105182287,166.63349053238153,168.0010494911784,50558300
167.77313232421875,169.79472746518425,167.65420428921547,168.34790327634968,44838400
171.9352264404297,174.4424074952563,171.5388400360099,171.80639405446584,68169400
168.79383850097656,173.41181476528868,168.46681287321124,171.76678225756265,65934800
167.77313232421875,171.1523820898212,167.58484346320657,168.05060587060277,50383100
171.46946716308594,171.85594920671264,169.34876810707777,170.95415273119292,94214900
181.7261505126953,185.313497878847,181.01264278710423,184.9666483851495,163224100
180.0712127685547,182.53874644704828,178.79283846563771,180.70544017490002,78569700
180.75498962402344,183.23244296383282,179.6847430878599,181.79552305097843,77305800
181.09190368652344,181.41892928578648,179.81352951475225,181.20091221961113,45057100
182.9054412841797,182.99462597964828,180.46762042647373,180.91355902499257,48983000
181.64515686035156,183.66949389545601,180.7322193628195,183.48094965782863,50759500
184.850341796875,185.66405574980115,183.20307828852305,184.0167922414492,72044800
185.99151611328125,186.85484938535834,184.86026592315986,186.07090395104018,52393600
188.26397705078125,189.18683240943687,185.9320062923224,186.46787049037354,70400000
188.38304138183594,189.6333810173086,188.2044300863017,189.00821119957226,52845200
188.4127960205078,189.34558420614056,187.7280891548122,188.05555831413108,41282900
189.57382202148438,190.44707314635468,187.5594028379898,187.87695420764547,44361300
190.873779296875,191.25085261805762,189.4547462309282,189.62343971650407,42309400
189.4348907470703,191.34016861791716,188.80973611420333,190.79438668312676,34648500
185.44577026367188,189.5341459487459,185.19768892080702,189.51429520164533,51005900
188.52197265625,189.11737394472448,186.59685898409072,187.37088671578107,36327000
188.5319061279297,191.51880009814326,187.64873713728954,190.04022981736387,52280100
188.82958984375,190.7745542503335,188.05557725890648,188.15481585355153,53068000
189.8218994140625,190.70506832278696,189.16697622567534,189.29596821795033,49889100
190.77456665039062,191.09211806054816,188.45252874493116,189.9707854632458,75158300
192.54087829589844,193.49351725389894,191.04247253185534,191.41954585254337,50080500
192.85842895507812,193.82098571162214,191.54855228534223,193.14619663099631,47471400
194.3667755126953,195.38886948576234,193.37445009094603,193.9003813531384,54156800
192.98741149902344,194.99191275531385,192.67979309240934,194.1881317208236,41181800
195.37892150878906,195.42854080055034,192.65002702042116,193.15610745634936,53103900
191.63784790039062,195.7857753291456,190.67529119421684,195.38883614317194,97010200
205.56019592285156,205.57012886730556,192.14396771907968,192.1638033246204,172373300
211.4347686767578,218.51003809526938,205.3121079690946,205.77850209290926,198134300
212.5957794189453,215.08651049080893,209.97604121171418,213.09194207290335,97862700
210.85922241210938,213.5186471242216,209.67835280423736,212.20878551515116,70122700
215.0071563720703,217.26965721764734,211.0874738193539,211.7324793139925,93728300
212.64540100097656,216.95210469802018,211.36530791117931,215.92007781385274,79943300
208.0707550048828,212.59577094768608,207.2471383568116,212.28813739547695,86172500
205.89759826660156,210.26382387597764,205.5205097773767,208.77533580800622,241805100
206.54258728027344,211.0675882243761,205.00448003735443,206.12581247138846,80727000
207.4654541015625,209.75772308170346,207.0089778092255,207.54482679949032,55549700
211.6133575439453,213.21100178687283,209.02338806048346,209.87678837301024,66213200
212.45684814453125,214.0842609953053,210.72027890747495,213.0423164247351,49772700
209.00355529785156,214.41174043740799,208.68601906723538,214.1140398112984,82542700
